{
  "results_dir": "/data/yunboni/projects/Archer/record",
  "files_found": 793,
  "files_parsed": 395,
  "files_skipped": 398,
  "by_folder": {
    "closed": {
      "files": 325,
      "input_tokens": 1638662284,
      "cached_tokens": 1495366007,
      "output_tokens": 17521296,
      "total_tokens": 1656183580,
      "total_time_sec": 278565.8497438431,
      "raw_chat_cost": 819.8240074000003,
      "computed_cost": 819.8240074000003,
      "avg_input_tokens": 5042037.796923077,
      "avg_cached_tokens": 4601126.175384616,
      "avg_output_tokens": 53911.68,
      "avg_total_tokens": 5095949.476923077,
      "avg_time_sec": 857.1256915195172,
      "avg_raw_chat_cost": 2.5225354073846162,
      "avg_computed_cost": 2.5225354073846162
    },
    "open": {
      "files": 70,
      "input_tokens": 336113946,
      "cached_tokens": 305380339,
      "output_tokens": 4053728,
      "total_tokens": 340167674,
      "total_time_sec": 67369.56432199478,
      "raw_chat_cost": 173.1357276,
      "computed_cost": 173.25782661200003,
      "avg_input_tokens": 4801627.8,
      "avg_cached_tokens": 4362576.271428571,
      "avg_output_tokens": 57910.4,
      "avg_total_tokens": 4859538.2,
      "avg_time_sec": 962.4223474570683,
      "avg_raw_chat_cost": 2.473367537142857,
      "avg_computed_cost": 2.4751118087428576
    }
  },
  "by_model": {
    "deepseek-chat": {
      "files": 1,
      "input_tokens": 3130643,
      "cached_tokens": 3021184,
      "output_tokens": 16327,
      "total_tokens": 3146970,
      "total_time_sec": 946.1335377693176,
      "raw_chat_cost": 0.0,
      "computed_cost": 0.122099012,
      "avg_input_tokens": 3130643.0,
      "avg_cached_tokens": 3021184.0,
      "avg_output_tokens": 16327.0,
      "avg_total_tokens": 3146970.0,
      "avg_time_sec": 946.1335377693176,
      "avg_raw_chat_cost": 0.0,
      "avg_computed_cost": 0.122099012
    },
    "google/gemini-3.1-pro-preview": {
      "files": 1,
      "input_tokens": 4874488,
      "cached_tokens": 3624427,
      "output_tokens": 34115,
      "total_tokens": 4908603,
      "total_time_sec": 975.7912728786469,
      "raw_chat_cost": 3.6343874,
      "computed_cost": 3.6343874,
      "avg_input_tokens": 4874488.0,
      "avg_cached_tokens": 3624427.0,
      "avg_output_tokens": 34115.0,
      "avg_total_tokens": 4908603.0,
      "avg_time_sec": 975.7912728786469,
      "avg_raw_chat_cost": 3.6343874,
      "avg_computed_cost": 3.6343874
    },
    "google/gemini-3.1-pro-preview-customtools": {
      "files": 392,
      "input_tokens": 1963360655,
      "cached_tokens": 1790995583,
      "output_tokens": 21492867,
      "total_tokens": 1984853522,
      "total_time_sec": 343391.6382057667,
      "raw_chat_cost": 987.8036750000001,
      "computed_cost": 987.8036750000001,
      "avg_input_tokens": 5008573.099489796,
      "avg_cached_tokens": 4568866.283163265,
      "avg_output_tokens": 54828.74234693877,
      "avg_total_tokens": 5063401.841836735,
      "avg_time_sec": 875.9990770555272,
      "avg_raw_chat_cost": 2.519907334183674,
      "avg_computed_cost": 2.519907334183674
    },
    "openai/gpt-5.3-codex": {
      "files": 1,
      "input_tokens": 3410444,
      "cached_tokens": 3105152,
      "output_tokens": 31715,
      "total_tokens": 3442159,
      "total_time_sec": 621.8510494232178,
      "raw_chat_cost": 1.5216726,
      "computed_cost": 1.5216726,
      "avg_input_tokens": 3410444.0,
      "avg_cached_tokens": 3105152.0,
      "avg_output_tokens": 31715.0,
      "avg_total_tokens": 3442159.0,
      "avg_time_sec": 621.8510494232178,
      "avg_raw_chat_cost": 1.5216726,
      "avg_computed_cost": 1.5216726
    }
  },
  "overall": {
    "files": 395,
    "input_tokens": 1974776230,
    "cached_tokens": 1800746346,
    "output_tokens": 21575024,
    "total_tokens": 1996351254,
    "total_time_sec": 345935.41406583786,
    "raw_chat_cost": 992.9597350000001,
    "computed_cost": 993.0818340120002,
    "avg_input_tokens": 4999433.493670886,
    "avg_cached_tokens": 4558851.508860759,
    "avg_output_tokens": 54620.313924050635,
    "avg_total_tokens": 5054053.807594936,
    "avg_time_sec": 875.7858583945263,
    "avg_raw_chat_cost": 2.513822113924051,
    "avg_computed_cost": 2.5141312253468358
  },
  "rounds": {
    "files": 395,
    "phase1_round_total": 11378,
    "phase2_round_total": 18589,
    "chat_rounds_total": 29967,
    "avg_phase1_round": 28.80506329113924,
    "avg_phase2_round": 47.060759493670886,
    "avg_chat_rounds": 75.86582278481012
  },
  "tool_call_distribution": {
    "total_tool_calls": 24970,
    "tools": {
      "difftest": {
        "calls": 7625,
        "share_percent": 30.536643972767322
      },
      "grep250": {
        "calls": 4705,
        "share_percent": 18.84261113336003
      },
      "tests_manager": {
        "calls": 4094,
        "share_percent": 16.395674809771727
      },
      "read250": {
        "calls": 2854,
        "share_percent": 11.429715658790549
      },
      "trans": {
        "calls": 2618,
        "share_percent": 10.484581497797357
      },
      "verify": {
        "calls": 1701,
        "share_percent": 6.8121746095314375
      },
      "langref": {
        "calls": 584,
        "share_percent": 2.338806567881458
      },
      "stop": {
        "calls": 394,
        "share_percent": 1.5778934721666
      },
      "report": {
        "calls": 345,
        "share_percent": 1.381657989587505
      },
      "find250": {
        "calls": 31,
        "share_percent": 0.12414897877452943
      },
      "list250": {
        "calls": 13,
        "share_percent": 0.052062474969963954
      },
      "function_1": {
        "calls": 6,
        "share_percent": 0.024028834601521828
      }
    }
  },
  "bug_validation": {
    "bug_files": 87,
    "verify_calls": 272,
    "difftest_calls": 1457,
    "relevant_validation_calls": 1729,
    "difftest_share_percent": 84.26836321573164,
    "verify_share_percent": 15.731636784268364
  }
}
