{
  "results_dir": "/data/yunboni/projects/Archer/record",
  "files_found": 789,
  "files_parsed": 393,
  "files_skipped": 396,
  "by_folder": {
    "closed": {
      "files": 323,
      "input_tokens": 1628671884,
      "cached_tokens": 1486324634,
      "output_tokens": 17461563,
      "total_tokens": 1646133447,
      "total_time_sec": 277281.4113557339,
      "raw_chat_cost": 815.4008828000004,
      "computed_cost": 815.4008828000004,
      "avg_input_tokens": 5042327.814241486,
      "avg_cached_tokens": 4601624.253869969,
      "avg_output_tokens": 54060.566563467495,
      "avg_total_tokens": 5096388.380804953,
      "avg_time_sec": 858.4563819062968,
      "avg_raw_chat_cost": 2.524460937461302,
      "avg_computed_cost": 2.524460937461302
    },
    "open": {
      "files": 70,
      "input_tokens": 336113946,
      "cached_tokens": 305380339,
      "output_tokens": 4053728,
      "total_tokens": 340167674,
      "total_time_sec": 67369.56432199478,
      "raw_chat_cost": 173.1357276,
      "computed_cost": 173.25782661200003,
      "avg_input_tokens": 4801627.8,
      "avg_cached_tokens": 4362576.271428571,
      "avg_output_tokens": 57910.4,
      "avg_total_tokens": 4859538.2,
      "avg_time_sec": 962.4223474570683,
      "avg_raw_chat_cost": 2.473367537142857,
      "avg_computed_cost": 2.4751118087428576
    }
  },
  "by_model": {
    "deepseek-chat": {
      "files": 1,
      "input_tokens": 3130643,
      "cached_tokens": 3021184,
      "output_tokens": 16327,
      "total_tokens": 3146970,
      "total_time_sec": 946.1335377693176,
      "raw_chat_cost": 0.0,
      "computed_cost": 0.122099012,
      "avg_input_tokens": 3130643.0,
      "avg_cached_tokens": 3021184.0,
      "avg_output_tokens": 16327.0,
      "avg_total_tokens": 3146970.0,
      "avg_time_sec": 946.1335377693176,
      "avg_raw_chat_cost": 0.0,
      "avg_computed_cost": 0.122099012
    },
    "google/gemini-3.1-pro-preview": {
      "files": 1,
      "input_tokens": 4874488,
      "cached_tokens": 3624427,
      "output_tokens": 34115,
      "total_tokens": 4908603,
      "total_time_sec": 975.7912728786469,
      "raw_chat_cost": 3.6343874,
      "computed_cost": 3.6343874,
      "avg_input_tokens": 4874488.0,
      "avg_cached_tokens": 3624427.0,
      "avg_output_tokens": 34115.0,
      "avg_total_tokens": 4908603.0,
      "avg_time_sec": 975.7912728786469,
      "avg_raw_chat_cost": 3.6343874,
      "avg_computed_cost": 3.6343874
    },
    "google/gemini-3.1-pro-preview-customtools": {
      "files": 390,
      "input_tokens": 1953370255,
      "cached_tokens": 1781954210,
      "output_tokens": 21433134,
      "total_tokens": 1974803389,
      "total_time_sec": 342107.19981765747,
      "raw_chat_cost": 983.3805504000003,
      "computed_cost": 983.3805504000003,
      "avg_input_tokens": 5008641.679487179,
      "avg_cached_tokens": 4569113.358974359,
      "avg_output_tokens": 54956.75384615385,
      "avg_total_tokens": 5063598.433333334,
      "avg_time_sec": 877.1979482504038,
      "avg_raw_chat_cost": 2.5214885907692315,
      "avg_computed_cost": 2.5214885907692315
    },
    "openai/gpt-5.3-codex": {
      "files": 1,
      "input_tokens": 3410444,
      "cached_tokens": 3105152,
      "output_tokens": 31715,
      "total_tokens": 3442159,
      "total_time_sec": 621.8510494232178,
      "raw_chat_cost": 1.5216726,
      "computed_cost": 1.5216726,
      "avg_input_tokens": 3410444.0,
      "avg_cached_tokens": 3105152.0,
      "avg_output_tokens": 31715.0,
      "avg_total_tokens": 3442159.0,
      "avg_time_sec": 621.8510494232178,
      "avg_raw_chat_cost": 1.5216726,
      "avg_computed_cost": 1.5216726
    }
  },
  "overall": {
    "files": 393,
    "input_tokens": 1964785830,
    "cached_tokens": 1791704973,
    "output_tokens": 21515291,
    "total_tokens": 1986301121,
    "total_time_sec": 344650.97567772865,
    "raw_chat_cost": 988.5366104000003,
    "computed_cost": 988.6587094120003,
    "avg_input_tokens": 4999455.038167939,
    "avg_cached_tokens": 4559045.732824427,
    "avg_output_tokens": 54746.287531806614,
    "avg_total_tokens": 5054201.325699746,
    "avg_time_sec": 876.974492818648,
    "avg_raw_chat_cost": 2.5153603318066167,
    "avg_computed_cost": 2.5156710163155225
  },
  "rounds": {
    "files": 393,
    "phase1_round_total": 11336,
    "phase2_round_total": 18470,
    "chat_rounds_total": 29806,
    "avg_phase1_round": 28.844783715012724,
    "avg_phase2_round": 46.99745547073791,
    "avg_chat_rounds": 75.84223918575064
  },
  "tool_call_distribution": {
    "total_tool_calls": 24825,
    "tools": {
      "difftest": {
        "calls": 7566,
        "share_percent": 30.477341389728096
      },
      "grep250": {
        "calls": 4687,
        "share_percent": 18.880161127895267
      },
      "tests_manager": {
        "calls": 4060,
        "share_percent": 16.35448136958711
      },
      "read250": {
        "calls": 2839,
        "share_percent": 11.436052366565962
      },
      "trans": {
        "calls": 2615,
        "share_percent": 10.5337361530715
      },
      "verify": {
        "calls": 1692,
        "share_percent": 6.81570996978852
      },
      "langref": {
        "calls": 582,
        "share_percent": 2.3444108761329305
      },
      "stop": {
        "calls": 392,
        "share_percent": 1.5790533736153072
      },
      "report": {
        "calls": 342,
        "share_percent": 1.3776435045317221
      },
      "find250": {
        "calls": 31,
        "share_percent": 0.12487411883182276
      },
      "list250": {
        "calls": 13,
        "share_percent": 0.05236656596173213
      },
      "function_1": {
        "calls": 6,
        "share_percent": 0.02416918429003021
      }
    }
  },
  "bug_validation": {
    "bug_files": 86,
    "verify_calls": 270,
    "difftest_calls": 1442,
    "relevant_validation_calls": 1712,
    "difftest_share_percent": 84.22897196261682,
    "verify_share_percent": 15.771028037383177
  }
}
