{
  "results_dir": "/data/yunboni/projects/Archer/record",
  "files_found": 789,
  "files_parsed": 393,
  "files_skipped": 396,
  "total_selected_tool_calls": 24819,
  "tool_calls": {
    "context": {
      "search": 7570,
      "langref": 582
    },
    "verification": {
      "trans": 2615,
      "difftest": 7566,
      "verify": 1692
    },
    "workflow": {
      "tests_manager": 4060,
      "stop": 392,
      "review": 342
    }
  },
  "group_totals": {
    "context": 8152,
    "verification": 11873,
    "workflow": 4794
  },
  "averages": {
    "files_parsed": 393,
    "files_with_selected_calls": 393,
    "selected_tool_calls_per_file": 63.152671755725194,
    "group_calls_per_file": {
      "context": 20.74300254452926,
      "verification": 30.21119592875318,
      "workflow": 12.198473282442748
    },
    "tool_calls_per_file": {
      "context": {
        "search": 19.262086513994912,
        "langref": 1.4809160305343512
      },
      "verification": {
        "trans": 6.653944020356234,
        "difftest": 19.251908396946565,
        "verify": 4.305343511450381
      },
      "workflow": {
        "tests_manager": 10.330788804071247,
        "stop": 0.9974554707379135,
        "review": 0.8702290076335878
      }
    }
  },
  "share_percent": {
    "group_overall": {
      "context": 32.84580361819574,
      "verification": 47.83834965147669,
      "workflow": 19.31584673032757
    },
    "tool_overall": {
      "context": {
        "search": 30.500825980095893,
        "langref": 2.344977638099843
      },
      "verification": {
        "trans": 10.536282686651356,
        "difftest": 30.484709295297957,
        "verify": 6.817357669527378
      },
      "workflow": {
        "tests_manager": 16.358435069906122,
        "stop": 1.5794351101978323,
        "review": 1.377976550223619
      }
    },
    "tool_within_group": {
      "context": {
        "search": 92.86064769381747,
        "langref": 7.1393523061825315
      },
      "verification": {
        "trans": 22.024762065189925,
        "difftest": 63.72441674387265,
        "verify": 14.25082119093742
      },
      "workflow": {
        "tests_manager": 84.68919482686692,
        "stop": 8.17688777638715,
        "review": 7.133917396745932
      }
    },
    "group_avg_across_files": {
      "context": 35.95583465673121,
      "verification": 43.69157435336059,
      "workflow": 20.35259098990815
    },
    "tool_avg_across_files": {
      "context": {
        "search": 33.378090372630986,
        "langref": 2.577744284100232
      },
      "verification": {
        "trans": 10.098221220897054,
        "difftest": 28.133476503080967,
        "verify": 5.459876629382598
      },
      "workflow": {
        "tests_manager": 16.038765809433226,
        "stop": 2.161576625336102,
        "review": 2.152248555138836
      }
    }
  }
}
