{
  "results_dir": "/data/yunboni/projects/Archer/record",
  "files_found": 793,
  "files_parsed": 395,
  "files_skipped": 398,
  "total_selected_tool_calls": 24964,
  "tool_calls": {
    "context": {
      "search": 7603,
      "langref": 584
    },
    "verification": {
      "trans": 2618,
      "difftest": 7625,
      "verify": 1701
    },
    "workflow": {
      "tests_manager": 4094,
      "stop": 394,
      "review": 345
    }
  },
  "group_totals": {
    "context": 8187,
    "verification": 11944,
    "workflow": 4833
  },
  "averages": {
    "files_parsed": 395,
    "files_with_selected_calls": 395,
    "selected_tool_calls_per_file": 63.2,
    "group_calls_per_file": {
      "context": 20.72658227848101,
      "verification": 30.237974683544305,
      "workflow": 12.235443037974683
    },
    "tool_calls_per_file": {
      "context": {
        "search": 19.248101265822786,
        "langref": 1.478481012658228
      },
      "verification": {
        "trans": 6.627848101265823,
        "difftest": 19.303797468354432,
        "verify": 4.3063291139240505
      },
      "workflow": {
        "tests_manager": 10.364556962025317,
        "stop": 0.9974683544303797,
        "review": 0.8734177215189873
      }
    }
  },
  "share_percent": {
    "group_overall": {
      "context": 32.79522512417882,
      "verification": 47.8448966511777,
      "workflow": 19.359878224643488
    },
    "tool_overall": {
      "context": {
        "search": 30.4558564332639,
        "langref": 2.3393686909149176
      },
      "verification": {
        "trans": 10.487101426053517,
        "difftest": 30.543983336003844,
        "verify": 6.813811889120333
      },
      "workflow": {
        "tests_manager": 16.39961544624259,
        "stop": 1.578272712706297,
        "review": 1.3819900656946003
      }
    },
    "tool_within_group": {
      "context": {
        "search": 92.86673995358495,
        "langref": 7.133260046415049
      },
      "verification": {
        "trans": 21.918955123911587,
        "difftest": 63.839584728734096,
        "verify": 14.24146014735432
      },
      "workflow": {
        "tests_manager": 84.70929029588247,
        "stop": 8.152286364576867,
        "review": 7.138423339540658
      }
    },
    "group_avg_across_files": {
      "context": 35.898110954959265,
      "verification": 43.714684427285285,
      "workflow": 20.387204617755405
    },
    "tool_avg_across_files": {
      "context": {
        "search": 33.3216434449793,
        "langref": 2.5764675099799716
      },
      "verification": {
        "trans": 10.064753630376174,
        "difftest": 28.18854997858991,
        "verify": 5.4613808183192365
      },
      "workflow": {
        "tests_manager": 16.0725949356632,
        "stop": 2.1590014868589864,
        "review": 2.155608195233223
      }
    }
  }
}
