{
  "results_dir": "/data/yunboni/projects/Archer/experiment/2-regression/results",
  "files_found": 658,
  "files_parsed": 329,
  "files_skipped": 329,
  "by_folder": {
    "archer-deepseek-chat": {
      "files": 47,
      "input_tokens": 249347772,
      "cached_tokens": 243297984,
      "output_tokens": 992958,
      "total_tokens": 250340730,
      "total_time_sec": 47410.91825056076,
      "raw_chat_cost": 0.0,
      "computed_cost": 8.923326552,
      "avg_input_tokens": 5305271.744680851,
      "avg_cached_tokens": 5176552.85106383,
      "avg_output_tokens": 21126.76595744681,
      "avg_total_tokens": 5326398.510638298,
      "avg_time_sec": 1008.7429415012928,
      "avg_raw_chat_cost": 0.0,
      "avg_computed_cost": 0.18985801174468087
    },
    "archer-gemini-3.1-pro-preview-customtools": {
      "files": 47,
      "input_tokens": 312128849,
      "cached_tokens": 287531654,
      "output_tokens": 3489488,
      "total_tokens": 315618337,
      "total_time_sec": 60093.27327489853,
      "raw_chat_cost": 156.53415399999997,
      "computed_cost": 156.53415399999997,
      "avg_input_tokens": 6641039.340425532,
      "avg_cached_tokens": 6117694.765957447,
      "avg_output_tokens": 74244.4255319149,
      "avg_total_tokens": 6715283.765957447,
      "avg_time_sec": 1278.5802824446496,
      "avg_raw_chat_cost": 3.3305139148936163,
      "avg_computed_cost": 3.3305139148936163
    },
    "archer-gemini-3.1-pro-preview-customtools-wo": {
      "files": 47,
      "input_tokens": 314100944,
      "cached_tokens": 287530213,
      "output_tokens": 3850125,
      "total_tokens": 317951069,
      "total_time_sec": 57102.108595609665,
      "raw_chat_cost": 164.39568580000005,
      "computed_cost": 164.39568580000005,
      "avg_input_tokens": 6682998.808510638,
      "avg_cached_tokens": 6117664.106382979,
      "avg_output_tokens": 81917.55319148937,
      "avg_total_tokens": 6764916.361702127,
      "avg_time_sec": 1214.9384807576525,
      "avg_raw_chat_cost": 3.4977805489361713,
      "avg_computed_cost": 3.4977805489361713
    },
    "archer-qwen3.5-plus": {
      "files": 47,
      "input_tokens": 295953513,
      "cached_tokens": 0,
      "output_tokens": 1215430,
      "total_tokens": 297168943,
      "total_time_sec": 37958.58767104149,
      "raw_chat_cost": 0.0,
      "computed_cost": 34.87086983500001,
      "avg_input_tokens": 6296883.255319149,
      "avg_cached_tokens": 0.0,
      "avg_output_tokens": 25860.212765957447,
      "avg_total_tokens": 6322743.468085106,
      "avg_time_sec": 807.6295249157763,
      "avg_raw_chat_cost": 0.0,
      "avg_computed_cost": 0.7419334007446811
    },
    "autoreview-deepseek-chat-wo-knowledge": {
      "files": 47,
      "input_tokens": 248971533,
      "cached_tokens": 243238208,
      "output_tokens": 924721,
      "total_tokens": 249896254,
      "total_time_sec": 30887.253713607788,
      "raw_chat_cost": 0.0,
      "computed_cost": 8.804383644000003,
      "avg_input_tokens": 5297266.659574468,
      "avg_cached_tokens": 5175281.021276596,
      "avg_output_tokens": 19674.91489361702,
      "avg_total_tokens": 5316941.574468086,
      "avg_time_sec": 657.1756109278252,
      "avg_raw_chat_cost": 0.0,
      "avg_computed_cost": 0.18732731157446816
    },
    "direct-llm-deepseek-chat": {
      "files": 47,
      "input_tokens": 113321,
      "cached_tokens": 0,
      "output_tokens": 53435,
      "total_tokens": 166756,
      "total_time_sec": 2373.782449245453,
      "raw_chat_cost": 0.0,
      "computed_cost": 0.05417258,
      "avg_input_tokens": 2411.0851063829787,
      "avg_cached_tokens": 0.0,
      "avg_output_tokens": 1136.9148936170213,
      "avg_total_tokens": 3548.0,
      "avg_time_sec": 50.50600955841389,
      "avg_raw_chat_cost": 0.0,
      "avg_computed_cost": 0.001152608085106383
    },
    "mswe-deepseek-chat": {
      "files": 47,
      "input_tokens": 45473339,
      "cached_tokens": 44630976,
      "output_tokens": 623075,
      "total_tokens": 46096414,
      "total_time_sec": 24757.15830016136,
      "raw_chat_cost": 0.0,
      "computed_cost": 1.7472204680000003,
      "avg_input_tokens": 967517.8510638297,
      "avg_cached_tokens": 949595.2340425532,
      "avg_output_tokens": 13256.91489361702,
      "avg_total_tokens": 980774.7659574468,
      "avg_time_sec": 526.7480489396034,
      "avg_raw_chat_cost": 0.0,
      "avg_computed_cost": 0.03717490357446809
    }
  },
  "by_model": {
    "deepseek-chat": {
      "files": 188,
      "input_tokens": 543905965,
      "cached_tokens": 531167168,
      "output_tokens": 2594189,
      "total_tokens": 546500154,
      "total_time_sec": 105429.11271357536,
      "raw_chat_cost": 0.0,
      "computed_cost": 19.52910324400001,
      "avg_input_tokens": 2893116.835106383,
      "avg_cached_tokens": 2825357.276595745,
      "avg_output_tokens": 13798.877659574468,
      "avg_total_tokens": 2906915.712765957,
      "avg_time_sec": 560.7931527317838,
      "avg_raw_chat_cost": 0.0,
      "avg_computed_cost": 0.1038782087446809
    },
    "google/gemini-3.1-pro-preview-customtools": {
      "files": 94,
      "input_tokens": 626229793,
      "cached_tokens": 575061867,
      "output_tokens": 7339613,
      "total_tokens": 633569406,
      "total_time_sec": 117195.3818705082,
      "raw_chat_cost": 320.9298397999998,
      "computed_cost": 320.9298397999998,
      "avg_input_tokens": 6662019.074468086,
      "avg_cached_tokens": 6117679.436170213,
      "avg_output_tokens": 78080.98936170213,
      "avg_total_tokens": 6740100.063829787,
      "avg_time_sec": 1246.759381601151,
      "avg_raw_chat_cost": 3.4141472319148916,
      "avg_computed_cost": 3.4141472319148916
    },
    "qwen3.5-plus": {
      "files": 47,
      "input_tokens": 295953513,
      "cached_tokens": 0,
      "output_tokens": 1215430,
      "total_tokens": 297168943,
      "total_time_sec": 37958.58767104149,
      "raw_chat_cost": 0.0,
      "computed_cost": 34.87086983500001,
      "avg_input_tokens": 6296883.255319149,
      "avg_cached_tokens": 0.0,
      "avg_output_tokens": 25860.212765957447,
      "avg_total_tokens": 6322743.468085106,
      "avg_time_sec": 807.6295249157763,
      "avg_raw_chat_cost": 0.0,
      "avg_computed_cost": 0.7419334007446811
    }
  },
  "overall": {
    "files": 329,
    "input_tokens": 1466089271,
    "cached_tokens": 1106229035,
    "output_tokens": 11149232,
    "total_tokens": 1477238503,
    "total_time_sec": 260583.08225512505,
    "raw_chat_cost": 320.9298397999998,
    "computed_cost": 375.3298128789999,
    "avg_input_tokens": 4456198.3920972645,
    "avg_cached_tokens": 3362398.282674772,
    "avg_output_tokens": 33888.24316109422,
    "avg_total_tokens": 4490086.635258359,
    "avg_time_sec": 792.0458427207449,
    "avg_raw_chat_cost": 0.975470637689969,
    "avg_computed_cost": 1.14082009993617
  }
}
